<shortcuts>
	<shortcut>
		<defaultID>13012</defaultID>
		<label>13012</label>
		<label2>Power Menu Shortcut</label2>
		<icon>DefaultShortcut.png</icon>
		<thumb />
		<action>Quit()</action>
		<visible>System.ShowExitButton</visible>
		</shortcut>
	<shortcut>
		<defaultID>20046</defaultID>
		<label>20046</label>
		<label2>Power Menu Shortcut</label2>
		<icon>DefaultShortcut.png</icon>
		<thumb />
		<action>mastermode</action>
		<visible>System.HasLocks</visible>
		</shortcut>
	<shortcut>
		<defaultID>20151</defaultID>
		<label>20151</label>
		<label2>Power Menu Shortcut</label2>
		<icon>DefaultShortcut.png</icon>
		<thumb />
		<action>CancelAlarm(shutdowntimer)</action>
		<visible>System.HasAlarm(shutdowntimer)</visible>
		</shortcut>
	<shortcut>
		<defaultID>20150</defaultID>
		<label>20150</label>
		<label2>Power Menu Shortcut</label2>
		<icon>DefaultShortcut.png</icon>
		<thumb />
		<action>AlarmClock(shutdowntimer,Shutdown())</action>
		<visible>!System.HasAlarm(shutdowntimer)</visible>
		</shortcut>
	<shortcut>
		<defaultID />
		<label>Mise à jour de la BDD</label>
		<label2>Elément personnalisé</label2>
		<icon>DefaultShortcut.png</icon>
		<thumb />
		<action>PlayMedia("plugin://plugin.video.sendtokodiU2P/?action=majhkneww")</action>
		</shortcut>
	<shortcut>
		<defaultID>31195</defaultID>
		<label>Recharger l'habillage</label>
		<label2>Power Menu Shortcut</label2>
		<icon>DefaultShortcut.png</icon>
		<thumb />
		<action>ReloadSkin()</action>
		</shortcut>
	<shortcut>
		<defaultID />
		<label>Profils U2Pplay</label>
		<label2>Elément personnalisé</label2>
		<icon>DefaultShortcut.png</icon>
		<thumb />
		<action>PlayMedia("plugin://plugin.video.sendtokodiU2P/?action=actifPm")</action>
		</shortcut>
	<shortcut>
		<defaultID />
		<label>Paramètres U2Pplay</label>
		<label2>Elément personnalisé</label2>
		<icon>DefaultShortcut.png</icon>
		<thumb />
		<action>PlayMedia("plugin://plugin.video.sendtokodiU2P/?action=setting")</action>
		</shortcut>
	<shortcut>
		<defaultID>5</defaultID>
		<label>Paramètres Kodi</label>
		<label2>Power Menu Shortcut</label2>
		<icon>DefaultShortcut.png</icon>
		<thumb />
		<action>ActivateWindow(settings)</action>
		<visible>System.Loggedon</visible>
		</shortcut>
	</shortcuts>
