<shortcuts>
	<shortcut>
		<defaultID />
		<label>Genres</label>
		<label2>Elément personnalisé</label2>
		<icon>DefaultShortcut.png</icon>
		<thumb>special://skin/extras/icons/genres.png</thumb>
		<action>ActivateWindow(Videos,"plugin://plugin.video.themoviedb.helper/?info=genres&amp;tmdb_type=tv&amp;widget=true",return)</action>
		</shortcut>
	<shortcut>
		<defaultID>31891</defaultID>
		<label>Contenus originaux</label>
		<label2>Elément personnalisé</label2>
		<icon>special://skin/extras/icons/tv.png</icon>
		<thumb>special://skin/extras/icons/network.png</thumb>
		<action>ActivateWindow(2118,return)</action>
		</shortcut>
	<shortcut>
		<defaultID />
		<label>Populaires</label>
		<label2>Elément personnalisé</label2>
		<icon>DefaultShortcut.png</icon>
		<thumb>special://skin/extras/icons/diamond.png</thumb>
		<action>ActivateWindow(2114,return)</action>
		</shortcut>
	<shortcut>
		<defaultID />
		<label>Fankai</label>
		<label2>Extensions Vidéo</label2>
		<icon>DefaultShortcut.png</icon>
		<thumb>special://skin/extras/icons/FANKAI.png</thumb>
		<action>ActivateWindow(Videos,"plugin://plugin.video.sendtokodiU2P/?action=folderPub&amp;offset=0&amp;typM=divers&amp;repo=fankai",return)</action>
		</shortcut>
	<shortcut>
		<defaultID>20387</defaultID>
		<label>Derniers ajouts</label>
		<label2>Elément personnalisé</label2>
		<icon>DefaultRecentlyAddedEpisodes.png</icon>
		<thumb>special://skin/extras/icons/addtile.png</thumb>
		<action>ActivateWindow(Videos,"plugin://plugin.video.sendtokodiU2P/?action=MenuSerie&amp;famille=Last+In",return)</action>
		<disabled>True</disabled>
		</shortcut>
	<shortcut>
		<defaultID />
		<label>Mon historique</label>
		<label2>Elément personnalisé</label2>
		<icon>DefaultShortcut.png</icon>
		<thumb>special://skin/extras/icons/watched-show.png</thumb>
		<action>ActivateWindow(Videos,"plugin://plugin.video.sendtokodiU2P/?action=mediasHKSeries&amp;famille=Mon+historique&amp;offset=0",return)</action>
		</shortcut>
	</shortcuts>
