<shortcuts>
	<shortcut>
		<defaultID>19287</defaultID>
		<label>TNT [HD]</label>
		<label2>Elément personnalisé</label2>
		<icon>DefaultAddonPVRClient.png</icon>
		<thumb />
		<action>pvr://channels/tv/*</action>
		</shortcut>
	<shortcut>
		<defaultID />
		<label>Favoris IPTV</label>
		<label2>Extensions Vidéo</label2>
		<icon>DefaultShortcut.png</icon>
		<thumb>image://special%3a%2f%2fhome%2faddons%2fplugin.video.sendtokodiU2P%2fresources%2fpng%2fiptv.png/</thumb>
		<action>ActivateWindow(Videos,"plugin://plugin.video.sendtokodiU2P/?action=IPTVfav",return)</action>
		</shortcut>
	<shortcut>
		<defaultID />
		<label>Sports &amp; Canal+ [LD]</label>
		<label2>Extensions Vidéo</label2>
		<icon>DefaultShortcut.png</icon>
		<thumb>image://special%3a%2f%2fhome%2faddons%2fplugin.video.vstream%2fresources%2fart%2fsport.png/</thumb>
		<action>ActivateWindow(Videos,"plugin://plugin.video.vstream/?site=leet365&amp;function=showTV&amp;title=Chaines+TV+Sports&amp;siteUrl=sport&amp;sFav=showTV",return)</action>
		</shortcut>
	</shortcuts>
