<?xml version="1.0" encoding="utf-8"?>
<window type="window" id="1136">
  <defaultcontrol always="true">9000</defaultcontrol>
  <onload condition="String.IsEmpty(Skin.String(TempCustomSearchTerm)) + String.IsEmpty(Skin.String(TMDB_Search))">Skin.Reset(CustomSearchTerm)</onload>
  <onload condition="String.IsEmpty(Skin.String(TempCustomSearchTerm)) + Skin.HasSetting(EnableSearchDefaultKB) + String.IsEmpty(Skin.String(TMDB_Search))">Skin.SetString(CustomSearchTerm)</onload>
  <onload condition="!Skin.HasSetting(EnableSearchDefaultKB) + String.IsEmpty(Skin.String(TMDB_Search))">Skin.SetString(CustomSearchTerm,$LOCALIZE[31138])</onload>
  <onload condition="!String.IsEmpty(Skin.String(TempCustomSearchTerm)) + Skin.HasSetting(EnableSearchDefaultKB) + String.IsEmpty(Skin.String(TMDB_Search))">Skin.SetString(CustomSearchTerm,$INFO[Skin.String(TempCustomSearchTerm)])</onload>
  <onload>ActivateWindow(1138)</onload>
  <controls>
    <include>Global_Background</include>
    <include>Logo</include>
<!--
    <control type="image">
      <width>1920</width>
      <height>1080</height>
      <aspectratio>scale</aspectratio>
      <texture background="true">special://skin/extras/backgrounds/movies-mainmenu-bg.jpg</texture>
    </control>
    <control type="image">
      <width>1920</width>
      <height>1080</height>
      <texture background="true" colordiffuse="99000000">common/white.png</texture>
    </control>
-->
    <control type="label">
      <left>600</left>
      <centertop>30%</centertop>
      <font>search_heading</font>
      <textcolor>dimgrey</textcolor>
      <shadowcolor>dimgrey</shadowcolor>
      <label>Recherche Films/Séries/Acteurs</label> <!-- Recherche Films/Séries/Acteurs -->
    </control>
</controls>
</window>
