<shortcuts>
	<shortcut>
		<defaultID />
		<label>Films</label>
		<label2>Elément personnalisé</label2>
		<icon>DefaultShortcut.png</icon>
		<thumb />
		<action>plugin://plugin.video.sendtokodiU2P/?action=findf&amp;nom=recherche</action>
		</shortcut>
	<shortcut>
		<defaultID />
		<label>Séries </label>
		<label2>Elément personnalisé</label2>
		<icon>DefaultShortcut.png</icon>
		<thumb />
		<action>plugin://plugin.video.sendtokodiU2P/?action=findss&amp;nom=recherche</action>
		</shortcut>
	<shortcut>
		<defaultID />
		<label>Acteurs </label>
		<label2>Elément personnalisé</label2>
		<icon>DefaultShortcut.png</icon>
		<thumb />
		<action>plugin://plugin.video.sendtokodiU2P/?action=findc&amp;nom=recherche</action>
		</shortcut>
	</shortcuts>
