<shortcuts>
	<shortcut>
		<defaultID />
		<label>All Décade</label>
		<label2>Extensions Vidéo</label2>
		<icon>DefaultShortcut.png</icon>
		<thumb>image://special%3a%2f%2fhome%2faddons%2fplugin.video.sendtokodiU2P%2fresources%2fpng%2fgroupe.png/</thumb>
		<action>ActivateWindow(Videos,"plugin://plugin.video.sendtokodiU2P/?action=MenuFilm&amp;trakt=All+D%C3%A9cade",return)</action>
		</shortcut>
	<shortcut>
		<defaultID />
		<label>Décade 1950</label>
		<label2>Extensions Vidéo</label2>
		<icon>DefaultShortcut.png</icon>
		<thumb>image://special%3a%2f%2fhome%2faddons%2fplugin.video.sendtokodiU2P%2fresources%2fpng%2fgroupe.png/</thumb>
		<action>ActivateWindow(Videos,"plugin://plugin.video.sendtokodiU2P/?action=MenuFilm&amp;trakt=D%C3%A9cade+1950",return)</action>
		</shortcut>
	<shortcut>
		<defaultID />
		<label>Décade 1960</label>
		<label2>Extensions Vidéo</label2>
		<icon>DefaultShortcut.png</icon>
		<thumb>image://special%3a%2f%2fhome%2faddons%2fplugin.video.sendtokodiU2P%2fresources%2fpng%2fgroupe.png/</thumb>
		<action>ActivateWindow(Videos,"plugin://plugin.video.sendtokodiU2P/?action=MenuFilm&amp;trakt=D%C3%A9cade+1960",return)</action>
		</shortcut>
	<shortcut>
		<defaultID />
		<label>Décade 1970</label>
		<label2>Elément personnalisé</label2>
		<icon>DefaultShortcut.png</icon>
		<thumb />
		<action>ActivateWindow(Videos,"plugin://plugin.video.sendtokodiU2P/?action=MenuFilm&amp;trakt=D%C3%A9cade+1970",return)</action>
		</shortcut>
	<shortcut>
		<defaultID />
		<label>Décade 1980</label>
		<label2>Elément personnalisé</label2>
		<icon>DefaultShortcut.png</icon>
		<thumb />
		<action>ActivateWindow(Videos,"plugin://plugin.video.sendtokodiU2P/?action=MenuFilm&amp;trakt=D%C3%A9cade+1980",return)</action>
		</shortcut>
	<shortcut>
		<defaultID />
		<label>Décade 1990</label>
		<label2>Elément personnalisé</label2>
		<icon>DefaultShortcut.png</icon>
		<thumb />
		<action>ActivateWindow(Videos,"plugin://plugin.video.sendtokodiU2P/?action=MenuFilm&amp;trakt=D%C3%A9cade+1990",return)</action>
		</shortcut>
	<shortcut>
		<defaultID />
		<label>Décade 2000</label>
		<label2>Elément personnalisé</label2>
		<icon>DefaultShortcut.png</icon>
		<thumb />
		<action>ActivateWindow(Videos,"plugin://plugin.video.sendtokodiU2P/?action=MenuFilm&amp;trakt=D%C3%A9cade+2000",return)</action>
		</shortcut>
	<shortcut>
		<defaultID />
		<label>Décade 2010</label>
		<label2>Elément personnalisé</label2>
		<icon>DefaultShortcut.png</icon>
		<thumb />
		<action>ActivateWindow(Videos,"plugin://plugin.video.sendtokodiU2P/?action=MenuFilm&amp;trakt=D%C3%A9cade+2010",return)</action>
		</shortcut>
	</shortcuts>
