<shortcuts>
	<shortcut>
		<defaultID />
		<label>Recherche</label>
		<label2>Elément personnalisé</label2>
		<icon>DefaultShortcut.png</icon>
		<thumb>special://skin/extras/icons/search.png</thumb>
		<action>ActivateWindow(Videos,"plugin://plugin.video.sendtokodiU2P/?action=filtres&amp;typM=tvshow",return)</action>
		</shortcut>
	<shortcut>
		<defaultID>31891</defaultID>
		<label>Contenus originaux</label>
		<label2>Elément personnalisé</label2>
		<icon>special://skin/extras/icons/tv.png</icon>
		<thumb>special://skin/extras/icons/</thumb>
		<action>ActivateWindow(2118,return)</action>
		</shortcut>
	<shortcut>
		<defaultID />
		<label>Populaires</label>
		<label2>Extensions Vidéo</label2>
		<icon>DefaultShortcut.png</icon>
		<thumb>special://skin/extras/icons/diamond.png</thumb>
		<action>ActivateWindow(Videos,"plugin://plugin.video.themoviedb.helper/?info=trakt_popular&amp;tmdb_type=tv&amp;widget=true",return)</action>
		</shortcut>
	<shortcut>
		<defaultID>20387</defaultID>
		<label>Derniers ajouts</label>
		<label2>Elément personnalisé</label2>
		<icon>DefaultRecentlyAddedEpisodes.png</icon>
		<thumb>special://skin/extras/icons/addtile.png</thumb>
		<action>ActivateWindow(Videos,"plugin://plugin.video.sendtokodiU2P/?action=MenuSerie&amp;famille=Last+In",return)</action>
		</shortcut>
	<shortcut>
		<defaultID />
		<label>Vues | En cours de visionnage</label>
		<label2>Elément personnalisé</label2>
		<icon>DefaultShortcut.png</icon>
		<thumb>special://skin/extras/icons/watched-show.png</thumb>
		<action>ActivateWindow(Videos,"plugin://plugin.video.sendtokodiU2P/?action=MenuSerie&amp;famille=Last+View",return)</action>
		</shortcut>
	</shortcuts>
