<shortcuts>
	<shortcut>
		<defaultID />
		<label>31523...</label>
		<label2>Video Add-On</label2>
		<icon>DefaultShortcut.png</icon>
		<thumb>special://skin/media/exuary/search.png</thumb>
		<action>ActivateWindow(1138,return)</action>
		</shortcut>
	<shortcut>
		<defaultID />
		<label>$SKIN[31665|skin.auramod|None]</label>
		<label2>Custom item</label2>
		<icon>DefaultShortcut.png</icon>
		<thumb>special://skin/extras/icons/genre.png</thumb>
		<action>ActivateWindow(4020,return)</action>
		</shortcut>
	<shortcut>
		<defaultID>mediahub</defaultID>
		<label>$SKIN[31830|skin.auramod|None]</label>
		<label2 />
		<icon>special://skin/extras/icons/tv.png</icon>
		<thumb>special://skin/extras/icons/emby.png</thumb>
		<action>ActivateWindow(3730,return)</action>
		</shortcut>
	<shortcut>
		<defaultID />
		<label>$SKIN[31837|skin.auramod|None]</label>
		<label2>Video Add-On</label2>
		<icon>DefaultShortcut.png</icon>
		<thumb>special://skin/extras/lists/icons/imdb-color.png</thumb>
		<action>noop</action>
		</shortcut>
	<shortcut>
		<defaultID />
		<label>$SKIN[31838|skin.auramod|None]</label>
		<label2>Video Add-On</label2>
		<icon>DefaultShortcut.png</icon>
		<thumb>special://skin/extras/lists/icons/rollingstone.png</thumb>
		<action>noop</action>
		</shortcut>
	<shortcut>
		<defaultID />
		<label>$SKIN[31839|skin.auramod|None]</label>
		<label2>Video Add-On</label2>
		<icon>DefaultShortcut.png</icon>
		<thumb>special://skin/media/exuary/trakt.png</thumb>
		<action>noop</action>
		</shortcut>
	<shortcut>
		<defaultID />
		<label>$SKIN[31840|skin.auramod|None]</label>
		<label2>Video Add-On</label2>
		<icon>DefaultShortcut.png</icon>
		<thumb>special://skin/extras/lists/icons/ustv.png</thumb>
		<action>noop</action>
		</shortcut>
	<shortcut>
		<defaultID />
		<label>$SKIN[31841|skin.auramod|None]</label>
		<label2>Video Add-On</label2>
		<icon>DefaultShortcut.png</icon>
		<thumb>special://skin/extras/lists/icons/uktv.png</thumb>
		<action>noop</action>
		</shortcut>
	<shortcut>
		<defaultID>tvnetflixhub</defaultID>
		<label>$SKIN[31828|skin.auramod|None]</label>
		<label2 />
		<icon>special://skin/extras/icons/tv.png</icon>
		<thumb />
		<action>ActivateWindow(3810,return)</action>
		</shortcut>
	<shortcut>
		<defaultID>tvaurahub</defaultID>
		<label>$SKIN[31827|skin.auramod|None]</label>
		<label2 />
		<icon>special://skin/extras/icons/tv.png</icon>
		<thumb />
		<action>ActivateWindow(3910,return)</action>
		</shortcut>
	</shortcuts>
