<shortcuts>
	<shortcut>
		<defaultID>19287</defaultID>
		<label>19287</label>
		<label2 />
		<icon>DefaultAddonPVRClient.png</icon>
		<thumb />
		<action>pvr://channels/tv/*</action>
		</shortcut>
	<shortcut>
		<defaultID />
		<label>Chaines TV Sports</label>
		<label2>Extensions Vidéo</label2>
		<icon>DefaultShortcut.png</icon>
		<thumb>image://special%3a%2f%2fhome%2faddons%2fplugin.video.vstream%2fresources%2fart%2fsport.png/</thumb>
		<action>ActivateWindow(Videos,"plugin://plugin.video.vstream/?site=streamonsport&amp;function=showMovies&amp;title=Chaines+TV+Sports&amp;siteUrl=https%3A%2F%2Fmy.streamonsport.biz%2F31-site-pour-regarder-les-chaines-de-sport.html&amp;sFav=showMovies",return)</action>
		</shortcut>
	</shortcuts>
