<shortcuts>
	<shortcut>
		<defaultID />
		<label>Films Watchlist</label>
		<label2>Extensions Vidéo</label2>
		<icon>DefaultShortcut.png</icon>
		<thumb>special://skin/extras/icons/trakttv.png</thumb>
		<action>ActivateWindow(Videos,"plugin://plugin.video.themoviedb.helper/?tmdb_type=movie&amp;list_name=Films+Watchlist&amp;info=trakt_watchlist&amp;sort_by=added&amp;sort_how=desc&amp;widget=true",return)</action>
		</shortcut>
	<shortcut>
		<defaultID />
		<label>Séries TV Watchlist</label>
		<label2>Extensions Vidéo</label2>
		<icon>DefaultShortcut.png</icon>
		<thumb>special://skin/extras/icons/trakttv.png</thumb>
		<action>ActivateWindow(Videos,"plugin://plugin.video.themoviedb.helper/?tmdb_type=tv&amp;list_name=S%C3%A9ries+TV+Watchlist&amp;info=trakt_watchlist&amp;sort_by=added&amp;sort_how=desc&amp;widget=true",return)</action>
		</shortcut>
	</shortcuts>
