<shortcuts>
	<shortcut>
		<defaultID />
		<label>Films</label>
		<label2>Elément personnalisé</label2>
		<icon>DefaultShortcut.png</icon>
		<thumb />
		<action>plugin://plugin.video.vstream/?function=showSearch&amp;sCat=1&amp;site=globalSearch&amp;searchtext=</action>
		</shortcut>
	<shortcut>
		<defaultID />
		<label>Séries</label>
		<label2>Elément personnalisé</label2>
		<icon>DefaultShortcut.png</icon>
		<thumb />
		<action>plugin://plugin.video.vstream/?function=showSearch&amp;sCat=2&amp;site=globalSearch&amp;searchtext=</action>
		</shortcut>
	</shortcuts>
