<shortcuts>
	<shortcut>
		<defaultID />
		<label>En cours</label>
		<label2>Extensions Vidéo</label2>
		<icon>DefaultShortcut.png</icon>
		<thumb>special://skin/extras/icons/hourglass2.png</thumb>
		<action>ActivateWindow(Videos,"plugin://plugin.video.vstream/?site=cViewing&amp;function=getViewing&amp;title=S%C3%A9ries%2FJapanimes&amp;sCat=4&amp;sFav=getViewing",return)</action>
		</shortcut>
	<shortcut>
		<defaultID />
		<label>Watchlist</label>
		<label2>Extensions Vidéo</label2>
		<icon>DefaultShortcut.png</icon>
		<thumb>special://skin/extras/icons/eye.png</thumb>
		<action>ActivateWindow(Videos,"plugin://plugin.video.vstream/?site=cTrakt&amp;function=getTrakt&amp;title=A+surveiller&amp;siteUrl=https%3A%2F%2Fapi.trakt.tv%2Fusers%2Fme%2Fwatchlist%2Fshows&amp;sFav=getTrakt",return)</action>
		</shortcut>
	<shortcut>
		<defaultID />
		<label>Populaires</label>
		<label2>Extensions Vidéo</label2>
		<icon>DefaultShortcut.png</icon>
		<thumb>special://skin/extras/icons/diamond.png</thumb>
		<action>ActivateWindow(Videos,"plugin://plugin.video.vstream/?site=cTrakt&amp;function=getTrakt&amp;title=Populaire&amp;siteUrl=https%3A%2F%2Fapi.trakt.tv%2Fshows%2Fpopular&amp;sFav=getTrakt",return)</action>
		</shortcut>
	</shortcuts>
