<shortcuts>
	<shortcut>
		<defaultID />
		<label>En cours</label>
		<label2>Extensions Vidéo</label2>
		<icon>DefaultShortcut.png</icon>
		<thumb>special://skin/extras/icons/hourglass2.png</thumb>
		<action>ActivateWindow(Videos,"plugin://plugin.video.vstream/?site=cViewing&amp;function=getViewing&amp;title=Films&amp;sCat=1&amp;sFav=getViewing",return)</action>
		</shortcut>
	<shortcut>
		<defaultID />
		<label>Watchlist (Trakt)</label>
		<label2>Extensions Vidéo</label2>
		<icon>DefaultShortcut.png</icon>
		<thumb>special://skin/extras/icons/watchlist.png</thumb>
		<action>ActivateWindow(Videos,"plugin://plugin.video.vstream/?site=cTrakt&amp;function=getTrakt&amp;title=A+surveiller&amp;siteUrl=https%3A%2F%2Fapi.trakt.tv%2Fusers%2Fme%2Fwatchlist%2Fmovies%3Fpage%3D1%26limit%3D25&amp;sFav=getTrakt",return)</action>
		</shortcut>
	<shortcut>
		<defaultID />
		<label>Les mieux notés</label>
		<label2>Extensions Vidéo</label2>
		<icon>DefaultShortcut.png</icon>
		<thumb>special://skin/extras/icons/favourites.png</thumb>
		<action>ActivateWindow(Videos,"plugin://plugin.video.vstream/?site=pastebin&amp;function=showTMDB&amp;title=Films+&amp;siteUrl=movie%2Ftop_rated&amp;sFav=showTMDB",return)</action>
		</shortcut>
	<shortcut>
		<defaultID />
		<label>Populaires (Trakt)</label>
		<label2>Elément personnalisé</label2>
		<icon>DefaultShortcut.png</icon>
		<thumb>special://skin/extras/icons/diamond.png</thumb>
		<action>ActivateWindow(Videos,"plugin://plugin.video.vstream/?site=cTrakt&amp;function=getTrakt&amp;title=Populaire&amp;siteUrl=https%3A%2F%2Fapi.trakt.tv%2Fmovies%2Fpopular&amp;sFav=getTrakt",return)</action>
		</shortcut>
	<shortcut>
		<defaultID>20434</defaultID>
		<label>20434</label>
		<label2>Elément personnalisé</label2>
		<icon>DefaultSets.png</icon>
		<thumb />
		<action>ActivateWindow(Videos,"plugin://plugin.video.vstream/?site=pastebin&amp;function=showSaga&amp;title=Films+&amp;siteUrl=https%3A%2F%2Fpastebin.com%2Fraw%2F%26numPage%3D1%26sMedia%3Dfilm&amp;sFav=showSaga",return)</action>
		</shortcut>
	</shortcuts>
