<shortcuts>
	<shortcut>
		<defaultID />
		<label>Les nouveautés</label>
		<label2>Extensions Vidéo</label2>
		<icon>DefaultShortcut.png</icon>
		<thumb>image://special%3a%2f%2fhome%2faddons%2fplugin.video.vstream%2fresources%2fart%2fnews.png/</thumb>
		<action>ActivateWindow(Videos,"plugin://plugin.video.vstream/?site=pastebin&amp;function=showTMDB&amp;title=S%C3%A9ries+&amp;siteUrl=trending%2Ftv%2Fday&amp;sFav=showTMDB",return)</action>
		</shortcut>
	<shortcut>
		<defaultID />
		<label>Les tendances de la semaine</label>
		<label2>Elément personnalisé</label2>
		<icon>DefaultShortcut.png</icon>
		<thumb>thumb</thumb>
		<action>ActivateWindow(Videos,"plugin://plugin.video.vstream/?site=pastebin&amp;function=showMovies&amp;title=S%C3%A9ries+tendances+cette+semaine&amp;siteUrl=https%3A%2F%2Fpastebin.com%2Fraw%2F%26sMedia%3Dserie%26numPage%3D1%26sGroupe%3DListes%2BTMDb%26sGroupe%3DListes+TMDb%3AS%C3%A9ries+tendances+cette+semaine&amp;sFav=showMovies",return)</action>
		</shortcut>
	<shortcut>
		<defaultID />
		<label>Les diffuseurs</label>
		<label2>Extensions Vidéo</label2>
		<icon>DefaultShortcut.png</icon>
		<thumb>image://special%3a%2f%2fhome%2faddons%2fplugin.video.vstream%2fresources%2fart%2fhost.png/</thumb>
		<action>ActivateWindow(Videos,"plugin://plugin.video.vstream/?site=pastebin&amp;function=showNetwork&amp;title=S%C3%A9ries+&amp;siteUrl=https%3A%2F%2Fpastebin.com%2Fraw%2F%26sMedia%3Dserie%26numPage%3D1&amp;sFav=showNetwork",return)</action>
		</shortcut>
	<shortcut>
		<defaultID />
		<label>Les genres</label>
		<label2>Extensions Vidéo</label2>
		<icon>DefaultShortcut.png</icon>
		<thumb>image://special%3a%2f%2fhome%2faddons%2fplugin.video.vstream%2fresources%2fart%2fgenres.png/</thumb>
		<action>ActivateWindow(Videos,"plugin://plugin.video.vstream/?site=pastebin&amp;function=showGenreTV&amp;title=S%C3%A9ries+&amp;siteUrl=genre%2Ftv%2Flist&amp;sFav=showGenreTV",return)</action>
		</shortcut>
	</shortcuts>
