<sources>
    <programs>
        <default pathversion="1"></default>
    </programs>
    <video>
        <default pathversion="1"></default>
    </video>
    <music>
        <default pathversion="1"></default>
    </music>
    <pictures>
        <default pathversion="1"></default>
    </pictures>
    <files>
        <default pathversion="1"></default>
        <source>
            <name>repository.jurialmunkey</name>
            <path pathversion="1">https://jurialmunkey.github.io/repository.jurialmunkey/</path>
            <allowsharing>true</allowsharing>
        </source>
        <source>
            <name>Teelone</name>
            <path pathversion="1">https://teelone.github.io/</path>
            <allowsharing>true</allowsharing>
        </source>
        <source>
            <name>AuraMod</name>
            <path pathversion="1">https://serpentdrago.github.io/</path>
            <allowsharing>true</allowsharing>
        </source>
        <source>
            <name>vStream repo</name>
            <path pathversion="1">https://kodi-vstream.github.io/repo/</path>
            <allowsharing>true</allowsharing>
        </source>
        <source>
            <name>Catch-up TV</name>
            <path pathversion="1">https://catch-up-tv-and-more.github.io/repo/</path>
            <allowsharing>true</allowsharing>
        </source>
        <source>
            <name>EZ-Maintenance</name>
            <path pathversion="1">https://peno64.github.io/repository.peno64/</path>
            <allowsharing>true</allowsharing>
        </source>
        <source>
            <name> U2Pplay</name>
            <path pathversion="1">https://upkobox.github.io/</path>
            <allowsharing>true</allowsharing>
        </source>
    </files>
    <games>
        <default pathversion="1"></default>
    </games>
</sources>
